team_id,team_name_x,player,PTS
8,Arkansas Razorbacks,Amere Brown,0.14285714285714285
8,Arkansas Razorbacks,Ayden Kelley,0.5714285714285714
8,Arkansas Razorbacks,Billy Richmond III,11.029411764705882
8,Arkansas Razorbacks,D.J. Wagner,7.59375
8,Arkansas Razorbacks,Darius Acuff Jr.,22.939393939393938
8,Arkansas Razorbacks,Elmir Džafic,0.0
8,Arkansas Razorbacks,Elmir Džafić,0.5
8,Arkansas Razorbacks,Isaiah Sealy,3.3125
8,Arkansas Razorbacks,Jaden Karuletwa,0.5555555555555556
8,Arkansas Razorbacks,Karter Knox,8.090909090909092
8,Arkansas Razorbacks,Malique Ewin,9.588235294117647
8,Arkansas Razorbacks,Meleek Thomas,15.294117647058824
8,Arkansas Razorbacks,Nick Pringle,4.588235294117647
8,Arkansas Razorbacks,Trevon Brazile,13.242424242424242
12,Arizona Wildcats,Addison Arnold,0.3333333333333333
12,Arizona Wildcats,Anthony Dell'Orso,8.970588235294118
12,Arizona Wildcats,Brayden Burries,15.941176470588236
12,Arizona Wildcats,Dwayne Aristode,4.133333333333334
12,Arizona Wildcats,Evan Nelson,0.6363636363636364
12,Arizona Wildcats,Ivan Kharchenkov,10.117647058823529
12,Arizona Wildcats,Jackson Cook,0.0
12,Arizona Wildcats,Jackson Francois,0.5
12,Arizona Wildcats,Jaden Bradley,13.294117647058824
12,Arizona Wildcats,Koa Peat,13.612903225806452
12,Arizona Wildcats,Motiejus Krivas,10.470588235294118
12,Arizona Wildcats,Sidi Gueye,1.2083333333333333
12,Arizona Wildcats,Sven Djopmo,0.5882352941176471
12,Arizona Wildcats,Tobe Awaka,9.441176470588236
26,UCLA Bruins,Anthony Peoples Jr.,0.3333333333333333
26,UCLA Bruins,Brandon Williams,2.71875
26,UCLA Bruins,Christian Horry,0.0
26,UCLA Bruins,Donovan Dent,13.454545454545455
26,UCLA Bruins,Eric Dailey Jr.,11.333333333333334
26,UCLA Bruins,Eric Freeny,2.1538461538461537
26,UCLA Bruins,Jack Seidler,0.3333333333333333
26,UCLA Bruins,Jamar Brown,3.9411764705882355
26,UCLA Bruins,Skyy Clark,11.666666666666666
26,UCLA Bruins,Steven Jamerson II,1.8484848484848484
26,UCLA Bruins,Trent Perry,12.727272727272727
26,UCLA Bruins,Tyler Bilodeau,17.64516129032258
26,UCLA Bruins,Xavier Booker,6.9411764705882355
41,UConn Huskies,Alec Millender,0.5625
41,UConn Huskies,Alex Karaban,12.647058823529411
41,UConn Huskies,Braylon Mullins,11.962962962962964
41,UConn Huskies,Dwayne Koroma,1.5
41,UConn Huskies,Eric Reibe,6.794117647058823
41,UConn Huskies,Jacob Furphy,0.46153846153846156
41,UConn Huskies,Jayden Ross,4.6875
41,UConn Huskies,Jaylin Stewart,4.5
41,UConn Huskies,Malachi Smith,3.5294117647058822
41,UConn Huskies,Rrezon Elezaj,0.0
41,UConn Huskies,Silas Demary Jr.,10.882352941176471
41,UConn Huskies,Solo Ball,13.515151515151516
41,UConn Huskies,Tarris Reed Jr.,13.724137931034482
41,UConn Huskies,Uroš Paunovic,0.15384615384615385
47,Howard Bison,Alex Cotton,8.5
47,Howard Bison,BJ Powell,1.2352941176470589
47,Howard Bison,Bryce Harris,16.75862068965517
47,Howard Bison,Calvin Robins Jr.,1.1111111111111112
47,Howard Bison,Cam Gillus,10.586206896551724
47,Howard Bison,Cedric Taylor III,17.095238095238095
47,Howard Bison,Danas Kazakevicius,3.3214285714285716
47,Howard Bison,Ed Holland III,1.5238095238095237
47,Howard Bison,Isaiah Brown,2.6785714285714284
47,Howard Bison,Jeremiah Johnson,1.1111111111111112
47,Howard Bison,Julian Johnson,1.0
47,Howard Bison,Ose Okojie,9.931034482758621
47,Howard Bison,River Smith,0.375
47,Howard Bison,Shane Frazier,0.25
47,Howard Bison,Stefan Isailovic,0.5555555555555556
47,Howard Bison,Travelle Bryson,8.538461538461538
57,Florida Gators,Alex Condon,14.96875
57,Florida Gators,Alex Kovatchev,0.21428571428571427
57,Florida Gators,Alex Lloyd,1.1875
57,Florida Gators,Boogie Fland,11.606060606060606
57,Florida Gators,CJ Ingram,1.9
57,Florida Gators,Cooper Josefsberg,1.5
57,Florida Gators,Isaiah Brown,5.516129032258065
57,Florida Gators,Micah Handlogten,4.0625
57,Florida Gators,Olivier Rioux,0.5
57,Florida Gators,Rueben Chinyelu,11.151515151515152
57,Florida Gators,Thomas Haugh,17.09375
57,Florida Gators,Urban Klavzar,9.666666666666666
57,Florida Gators,Viktor Mikic,1.25
57,Florida Gators,Xaivian Lee,11.484848484848484
58,South Florida Bulls,Adriel Nyorha,3.68
58,South Florida Bulls,CJ Brown,10.75
58,South Florida Bulls,Caleb Sanders,3.0
58,South Florida Bulls,Daimion Collins,4.225806451612903
58,South Florida Bulls,Devin Haid,2.8181818181818183
58,South Florida Bulls,Gavin Hightower,3.76
58,South Florida Bulls,Isaiah Jones,4.28125
58,South Florida Bulls,Izaiyah Nelson,15.40625
58,South Florida Bulls,Joseph Pinion,14.5
58,South Florida Bulls,Josh Omojafo,11.125
58,South Florida Bulls,Onyx Nnani,0.0
58,South Florida Bulls,Tristan Beckford,2.6
58,South Florida Bulls,Wes Enis,16.806451612903224
58,South Florida Bulls,Xavier Brown,2.6666666666666665
61,Georgia Bulldogs,Blue Cain,13.28125
61,Georgia Bulldogs,Brandon Klatsky,1.1428571428571428
61,Georgia Bulldogs,Dylan James,4.53125
61,Georgia Bulldogs,Jaden Newell,0.2222222222222222
61,Georgia Bulldogs,Jake Wilkins,4.935483870967742
61,Georgia Bulldogs,Jeremiah Wilkinson,17.0
61,Georgia Bulldogs,Jordan Ross,6.645161290322581
61,Georgia Bulldogs,Justin Abson,2.933333333333333
61,Georgia Bulldogs,Justin Bailey,4.166666666666667
61,Georgia Bulldogs,Kanon Catchings,11.96774193548387
61,Georgia Bulldogs,Kareem Stagg,4.75
61,Georgia Bulldogs,Marcus Millender,11.9375
61,Georgia Bulldogs,Markel Jennings,0.0
61,Georgia Bulldogs,Somtochukwu Cyril,9.59375
62,Hawai'i Rainbow Warriors,AJ Economou,1.25
62,Hawai'i Rainbow Warriors,Aaron Hunkin-Claytor,5.333333333333333
62,Hawai'i Rainbow Warriors,Dre Bullock,13.666666666666666
62,Hawai'i Rainbow Warriors,Gytis Nemeiksa,9.133333333333333
62,Hawai'i Rainbow Warriors,Harry Rouhliadeff,10.464285714285714
62,Hawai'i Rainbow Warriors,Hunter Carter,1.2727272727272727
62,Hawai'i Rainbow Warriors,Hunter Erickson,8.333333333333334
62,Hawai'i Rainbow Warriors,Isaac Finlinson,9.333333333333334
62,Hawai'i Rainbow Warriors,Isaac Johnson,14.3
62,Hawai'i Rainbow Warriors,Isaiah Kerr,6.482758620689655
62,Hawai'i Rainbow Warriors,Jalen Myers,2.1666666666666665
62,Hawai'i Rainbow Warriors,Yacine Toumi,4.111111111111111
66,Iowa State Cyclones,Anthony Rise,0.2
66,Iowa State Cyclones,Blake Buchanan,8.441176470588236
66,Iowa State Cyclones,Cade Kelderman,0.9411764705882353
66,Iowa State Cyclones,Dominick Nelson,3.7142857142857144
66,Iowa State Cyclones,Dominykas Pleta,4.46875
66,Iowa State Cyclones,Eric Mulder,0.8947368421052632
66,Iowa State Cyclones,Jamarion Batemon,6.852941176470588
66,Iowa State Cyclones,Joshua Jefferson,16.852941176470587
66,Iowa State Cyclones,Killyan Toure,8.058823529411764
66,Iowa State Cyclones,Milan Momcilovic,17.08823529411765
66,Iowa State Cyclones,Nate Heise,4.676470588235294
66,Iowa State Cyclones,Tamin Lipsey,13.258064516129032
66,Iowa State Cyclones,Xzavion Mitchell,1.0
70,Idaho Vandals,Aidan Sevilla,1.263157894736842
70,Idaho Vandals,Biko Johnson,12.65625
70,Idaho Vandals,Brody Rowbury,8.03125
70,Idaho Vandals,Ewan Steele,0.36363636363636365
70,Idaho Vandals,Isaiah Brickner,12.35483870967742
70,Idaho Vandals,Jack Payne,7.066666666666666
70,Idaho Vandals,Jackson Rasmussen,13.258064516129032
70,Idaho Vandals,Kolton Mitchell,13.620689655172415
70,Idaho Vandals,Kristian Gonzalez,18.0
70,Idaho Vandals,Miles Klapper,2.769230769230769
70,Idaho Vandals,Seth Joba,5.09375
70,Idaho Vandals,Trevon Blassingame,3.5161290322580645
96,Kentucky Wildcats,Andrija Jelavic,5.766666666666667
96,Kentucky Wildcats,Brandon Garrison,4.617647058823529
96,Kentucky Wildcats,Collin Chandler,9.941176470588236
96,Kentucky Wildcats,Denzel Aberdeen,13.205882352941176
96,Kentucky Wildcats,Jaland Lowe,8.0
96,Kentucky Wildcats,Jasper Johnson,5.151515151515151
96,Kentucky Wildcats,Jayden Quaintance,5.0
96,Kentucky Wildcats,Kam Williams,6.2272727272727275
96,Kentucky Wildcats,Malachi Moreno,8.029411764705882
96,Kentucky Wildcats,Mouhamed Dioubate,8.689655172413794
96,Kentucky Wildcats,Otega Oweh,18.176470588235293
96,Kentucky Wildcats,Trent Noah,2.962962962962963
96,Kentucky Wildcats,Walker Horn,0.42857142857142855
96,Kentucky Wildcats,Zach Tow,0.5714285714285714
97,Louisville Cardinals,Adrian Wooley,8.545454545454545
97,Louisville Cardinals,Aly Khalifa,3.1818181818181817
97,Louisville Cardinals,Cole Sherman,1.2
97,Louisville Cardinals,Isaac McKneely,10.636363636363637
97,Louisville Cardinals,J'Vonne Hadley,11.84375
97,Louisville Cardinals,Kasean Pryor,2.3181818181818183
97,Louisville Cardinals,Khani Rooths,5.482758620689655
97,Louisville Cardinals,Kobe Rodgers,3.3125
97,Louisville Cardinals,Mikel Brown Jr.,18.19047619047619
97,Louisville Cardinals,Ryan Conwell,18.71875
97,Louisville Cardinals,Sananda Fru,9.181818181818182
97,Louisville Cardinals,Spencer Legg,0.7777777777777778
97,Louisville Cardinals,Vangelis Zougris,2.28
97,Louisville Cardinals,Will Hanke,0.2
127,Michigan State Spartans,Brennan Walton,0.45454545454545453
127,Michigan State Spartans,Cam Ward,5.0
127,Michigan State Spartans,Carson Cooper,10.75
127,Michigan State Spartans,Coen Carr,11.5625
127,Michigan State Spartans,Colin Walton,0.2727272727272727
127,Michigan State Spartans,Denham Wojcik,0.39285714285714285
127,Michigan State Spartans,Divine Ugochukwu,5.136363636363637
127,Michigan State Spartans,Jaxon Kohler,12.65625
127,Michigan State Spartans,Jeremy Fears Jr.,15.65625
127,Michigan State Spartans,Jesse McCulloch,2.4074074074074074
127,Michigan State Spartans,Jordan Scott,5.90625
127,Michigan State Spartans,Kur Teng,7.65625
127,Michigan State Spartans,Nick Sanders,0.46153846153846156
127,Michigan State Spartans,Trey Fort,3.8
130,Michigan Wolverines,Aday Mara,11.647058823529411
130,Michigan Wolverines,Charlie May,1.0
130,Michigan Wolverines,Elliot Cadeau,10.176470588235293
130,Michigan Wolverines,Howard Eisley Jr.,0.6
130,Michigan Wolverines,L.J. Cason,8.357142857142858
130,Michigan Wolverines,Malick Kordel,1.3636363636363635
130,Michigan Wolverines,Morez Johnson Jr.,13.147058823529411
130,Michigan Wolverines,Nimari Burnett,8.264705882352942
130,Michigan Wolverines,Oscar Goodman,1.4166666666666667
130,Michigan Wolverines,Roddy Gayle Jr.,7.03030303030303
130,Michigan Wolverines,Trey McKenney,9.558823529411764
130,Michigan Wolverines,Will Tschetter,3.8529411764705883
130,Michigan Wolverines,Winters Grady,2.888888888888889
130,Michigan Wolverines,Yaxel Lendeborg,14.558823529411764
139,Saint Louis Billikens,Amari McCottry,10.34375
139,Saint Louis Billikens,Brady Dunlap,6.709677419354839
139,Saint Louis Billikens,Cam Hutson,1.3125
139,Saint Louis Billikens,Dion Brown,10.96875
139,Saint Louis Billikens,Isaac Holmes,0.5
139,Saint Louis Billikens,Ishan Sharma,9.125
139,Saint Louis Billikens,Jaden Schertz,0.36363636363636365
139,Saint Louis Billikens,Jax Kerr,2.375
139,Saint Louis Billikens,Kellen Thames,9.733333333333333
139,Saint Louis Billikens,Paul Otieno,5.09375
139,Saint Louis Billikens,Quentin Jones,9.09375
139,Saint Louis Billikens,Robbie Avila,12.90625
139,Saint Louis Billikens,Trey Green,11.451612903225806
142,Missouri Tigers,Annor Boateng,2.7333333333333334
142,Missouri Tigers,Anthony Robinson II,8.84375
142,Missouri Tigers,Jacob Crews,8.625
142,Missouri Tigers,Jayden Stone,13.2
142,Missouri Tigers,Jevon Porter,6.166666666666667
142,Missouri Tigers,Luke Northweather,3.1052631578947367
142,Missouri Tigers,Mark Mitchell,18.3125
142,Missouri Tigers,Nicholas Randall,0.7142857142857143
142,Missouri Tigers,Sebastian Mack,7.0
142,Missouri Tigers,Shawn Phillips Jr.,7.666666666666667
142,Missouri Tigers,T.O. Barrett,8.90625
142,Missouri Tigers,Trent Burns,2.0476190476190474
142,Missouri Tigers,Trent Pierce,10.578947368421053
150,Duke Blue Devils,Caleb Foster,8.451612903225806
150,Duke Blue Devils,Cameron Boozer,22.5
150,Duke Blue Devils,Cameron Sheffield,0.5714285714285714
150,Duke Blue Devils,Cayden Boozer,7.088235294117647
150,Duke Blue Devils,Dame Sarr,6.264705882352941
150,Duke Blue Devils,Darren Harris,3.71875
150,Duke Blue Devils,Ifeanyi Ufochukwu,0.8
150,Duke Blue Devils,Isaiah Evans,14.882352941176471
150,Duke Blue Devils,Jack Scott,0.5714285714285714
150,Duke Blue Devils,Maliq Brown,4.823529411764706
150,Duke Blue Devils,Nikolas Khamenia,5.823529411764706
150,Duke Blue Devils,Patrick Ngongba II,10.689655172413794
152,NC State Wolfpack,Alyn Breed,4.523809523809524
152,NC State Wolfpack,Colt Langdon,0.3333333333333333
152,NC State Wolfpack,Darrion Williams,13.75
152,NC State Wolfpack,Jerry Deng,6.125
152,NC State Wolfpack,Jordan Snell,0.75
152,NC State Wolfpack,Matt Able,8.969696969696969
152,NC State Wolfpack,Musa Sagnia,2.393939393939394
152,NC State Wolfpack,Paul McNeil Jr.,13.909090909090908
152,NC State Wolfpack,Quadir Copeland,13.878787878787879
152,NC State Wolfpack,Scottie Ebube,1.1875
152,NC State Wolfpack,Terrance Arceneaux,3.9310344827586206
152,NC State Wolfpack,Tre Holloman,9.258064516129032
152,NC State Wolfpack,Ven-Allen Lubin,13.878787878787879
153,North Carolina Tar Heels,Caleb Wilson,19.833333333333332
153,North Carolina Tar Heels,Derek Dixon,6.375
153,North Carolina Tar Heels,Elijah Davis,0.5
153,North Carolina Tar Heels,Evan Smith,1.4
153,North Carolina Tar Heels,Henri Veesaar,16.733333333333334
153,North Carolina Tar Heels,Isaiah Denis,1.9
153,North Carolina Tar Heels,Ivan Matlekovic,0.5
153,North Carolina Tar Heels,James Brown,1.2222222222222223
153,North Carolina Tar Heels,Jarin Stevenson,7.96875
153,North Carolina Tar Heels,Jaydon Young,1.8333333333333333
153,North Carolina Tar Heels,John Holbrook,0.2
153,North Carolina Tar Heels,Jonathan Powell,4.84375
153,North Carolina Tar Heels,Kyan Evans,4.09375
153,North Carolina Tar Heels,Luka Bogavac,9.84375
153,North Carolina Tar Heels,Seth Trimble,13.956521739130435
153,North Carolina Tar Heels,Zayden High,3.4285714285714284
158,Nebraska Cornhuskers,Berke Buyuktuncel,6.433333333333334
158,Nebraska Cornhuskers,Braden Frager,11.566666666666666
158,Nebraska Cornhuskers,Cale Jacobsen,4.84375
158,Nebraska Cornhuskers,Connor Essegian,5.428571428571429
158,Nebraska Cornhuskers,Jamarques Lawrence,9.71875
158,Nebraska Cornhuskers,Jared Garcia,3.074074074074074
158,Nebraska Cornhuskers,Justin Bolis,0.1875
158,Nebraska Cornhuskers,Kendall Blue,0.7222222222222222
158,Nebraska Cornhuskers,Leo Curtis,1.6666666666666667
158,Nebraska Cornhuskers,Pryce Sandfort,17.84375
158,Nebraska Cornhuskers,Rienk Mast,13.548387096774194
158,Nebraska Cornhuskers,Sam Hoiberg,9.59375
158,Nebraska Cornhuskers,Ugnius Jarusevicius,7.0
193,Miami (OH) RedHawks,Almar Atlason,9.620689655172415
193,Miami (OH) RedHawks,Antwone Woolfolk,10.448275862068966
193,Miami (OH) RedHawks,Brady Ganley,0.6666666666666666
193,Miami (OH) RedHawks,Brant Byers,14.344827586206897
193,Miami (OH) RedHawks,Eian Elmer,12.758620689655173
193,Miami (OH) RedHawks,Eli Yofan,0.0
193,Miami (OH) RedHawks,Ethan Wright,1.0
193,Miami (OH) RedHawks,Evan Ipsaro,14.4
193,Miami (OH) RedHawks,Jackson Kotecki,0.6666666666666666
193,Miami (OH) RedHawks,Justin Kirby,6.368421052631579
193,Miami (OH) RedHawks,Kyle Waltz,0.8888888888888888
193,Miami (OH) RedHawks,Luke Skaljac,10.518518518518519
193,Miami (OH) RedHawks,Peter Suder,14.928571428571429
193,Miami (OH) RedHawks,Trey Perry,4.925925925925926
193,Miami (OH) RedHawks,Tyler Robbins,1.625
194,Ohio State Buckeyes,Amare Bynum,9.666666666666666
194,Ohio State Buckeyes,Brandon Noel,7.066666666666666
194,Ohio State Buckeyes,Braylen Nash,0.0
194,Ohio State Buckeyes,Bruce Thornton,20.21212121212121
194,Ohio State Buckeyes,Christoph Tilly,11.03225806451613
194,Ohio State Buckeyes,Colin White,0.8620689655172413
194,Ohio State Buckeyes,Devin Royal,13.67741935483871
194,Ohio State Buckeyes,Gabe Cupps,1.625
194,Ohio State Buckeyes,Ivan Njegovan,2.7241379310344827
194,Ohio State Buckeyes,John Mobley Jr.,15.7
194,Ohio State Buckeyes,Mathieu Grujicic,1.0
194,Ohio State Buckeyes,Puff Johnson,2.3333333333333335
194,Ohio State Buckeyes,Taison Chatman,4.481481481481482
219,Pennsylvania Quakers,AJ Levine,8.607142857142858
219,Pennsylvania Quakers,Alex Massung,1.25
219,Pennsylvania Quakers,Augustus Gerhart,5.357142857142857
219,Pennsylvania Quakers,Cam Thrower,5.56
219,Pennsylvania Quakers,Dalton Scantlebury,5.555555555555555
219,Pennsylvania Quakers,Dylan Williams,2.142857142857143
219,Pennsylvania Quakers,Ethan Roberts,16.40909090909091
219,Pennsylvania Quakers,Jay Jones,3.76
219,Pennsylvania Quakers,Johnnie Walter,0.5
219,Pennsylvania Quakers,Lucas Lueth,2.962962962962963
219,Pennsylvania Quakers,Michael Zanoni,11.821428571428571
219,Pennsylvania Quakers,Michelangelo Oberti,1.5
219,Pennsylvania Quakers,Niklas Polonowski,0.9523809523809523
219,Pennsylvania Quakers,Payton Kamin,0.0
219,Pennsylvania Quakers,TJ Power,17.142857142857142
219,Pennsylvania Quakers,William Kruse,0.0
222,Villanova Wildcats,Acaden Lewis,12.3125
222,Villanova Wildcats,Braden Pierce,1.206896551724138
222,Villanova Wildcats,Bryce Lindsay,11.90625
222,Villanova Wildcats,Chris Jeffrey,3.1904761904761907
222,Villanova Wildcats,Devin Askew,10.03125
222,Villanova Wildcats,Duke Brennan,12.35483870967742
222,Villanova Wildcats,Malachi Palmer,4.40625
222,Villanova Wildcats,Malcolm Flaggs,0.0
222,Villanova Wildcats,Matt Hodge,9.241379310344827
222,Villanova Wildcats,Tafara Gapare,2.888888888888889
222,Villanova Wildcats,Tyler Perkins,13.65625
222,Villanova Wildcats,Wade Chiddick,1.5
222,Villanova Wildcats,Zion Stanford,1.3
228,Clemson Tigers,Ace Buckner,8.441176470588236
228,Clemson Tigers,Butta Johnson,6.176470588235294
228,Clemson Tigers,Carter Welling,10.21875
228,Clemson Tigers,Chase Thompson,2.264705882352941
228,Clemson Tigers,Dallas Thomas,2.1904761904761907
228,Clemson Tigers,Dillon Hunter,7.529411764705882
228,Clemson Tigers,Jake Wahlin,5.411764705882353
228,Clemson Tigers,Jestin Porter,9.647058823529411
228,Clemson Tigers,Nick Davidson,9.147058823529411
228,Clemson Tigers,RJ Godfrey,11.941176470588236
228,Clemson Tigers,Trent Steinour,1.0
228,Clemson Tigers,Zac Foster,6.916666666666667
231,Furman Paladins,Abijah Franklin,4.1
231,Furman Paladins,Alex Wilkins,18.06451612903226
231,Furman Paladins,Asa Thomas,12.166666666666666
231,Furman Paladins,Ben Vander Wal,7.064516129032258
231,Furman Paladins,Charles Johnston,9.580645161290322
231,Furman Paladins,Cole Bowser,5.105263157894737
231,Furman Paladins,Collin O'Neal,3.3333333333333335
231,Furman Paladins,Cooper Bowser,13.904761904761905
231,Furman Paladins,Eddrin Bronson,5.733333333333333
231,Furman Paladins,Mason Smith,3.5
231,Furman Paladins,Owen Ritger,1.2142857142857142
231,Furman Paladins,Thomas Tillman,0.0
231,Furman Paladins,Tom House,8.10344827586207
238,Vanderbilt Commodores,AK Okereke,9.735294117647058
238,Vanderbilt Commodores,Chandler Bing,3.6470588235294117
238,Vanderbilt Commodores,Coleson Messer,0.0
238,Vanderbilt Commodores,Devin McGlockton,9.588235294117647
238,Vanderbilt Commodores,Duke Miles,16.53846153846154
238,Vanderbilt Commodores,Frankie Collins,7.777777777777778
238,Vanderbilt Commodores,Jalen Washington,9.117647058823529
238,Vanderbilt Commodores,Jayden Leverett,0.9615384615384616
238,Vanderbilt Commodores,Jaylon Dean-Vines,0.9
238,Vanderbilt Commodores,Mason Nicholson,0.4
238,Vanderbilt Commodores,Mike James,1.4545454545454546
238,Vanderbilt Commodores,Miles Keeffe,0.4166666666666667
238,Vanderbilt Commodores,Tyler Harris,5.5
238,Vanderbilt Commodores,Tyler Nickel,13.470588235294118
238,Vanderbilt Commodores,Tyler Tanner,19.08823529411765
245,Texas A&M Aggies,Ali Dibba,5.625
245,Texas A&M Aggies,Chris McDermott,0.6666666666666666
245,Texas A&M Aggies,Federiko Federiko,1.8387096774193548
245,Texas A&M Aggies,Jacari Lane,6.387096774193548
245,Texas A&M Aggies,Jamie Vinson,3.392857142857143
245,Texas A&M Aggies,Jeremiah Green,0.875
245,Texas A&M Aggies,Josh Holloway,4.5
245,Texas A&M Aggies,Mackenzie Mgbako,10.428571428571429
245,Texas A&M Aggies,Marcus Hill,10.8125
245,Texas A&M Aggies,Noah Shelby,1.1111111111111112
245,Texas A&M Aggies,Pop Isaacs,10.096774193548388
245,Texas A&M Aggies,Rashaun Agee,14.65625
245,Texas A&M Aggies,Rubén Dominguez,10.3125
245,Texas A&M Aggies,Rylan Griffen,11.6
245,Texas A&M Aggies,Zach Clemence,7.09375
248,Houston Cougars,Cedric Lath,0.5263157894736842
248,Houston Cougars,Chase McCarty,3.96875
248,Houston Cougars,Chris Cenac Jr.,9.470588235294118
248,Houston Cougars,Emanuel Sharp,15.323529411764707
248,Houston Cougars,Isiah Harwell,3.8
248,Houston Cougars,Jacob McFarland,0.0
248,Houston Cougars,Joseph Tugler,8.441176470588236
248,Houston Cougars,Kalifa Sakho,2.5161290322580645
248,Houston Cougars,Kingston Flemings,16.352941176470587
248,Houston Cougars,Kordel Jefferson,1.3333333333333333
248,Houston Cougars,Mercy Miller,4.818181818181818
248,Houston Cougars,Milos Uzan,11.117647058823529
248,Houston Cougars,Ramon Walker Jr.,2.4814814814814814
251,Texas Longhorns,Anthon McDermott,0.8571428571428571
251,Texas Longhorns,Brandon Taylor,0.75
251,Texas Longhorns,Camden Heide,6.161290322580645
251,Texas Longhorns,Chendall Weaver,5.6875
251,Texas Longhorns,Cole Bott,0.5
251,Texas Longhorns,Dailyn Swain,17.8125
251,Texas Longhorns,Declan Duru Jr.,1.25
251,Texas Longhorns,Jordan Pope,13.34375
251,Texas Longhorns,Lassina Traore,3.4347826086956523
251,Texas Longhorns,Matas Vokietaitis,15.5
251,Texas Longhorns,Nic Codie,4.0
251,Texas Longhorns,Simeon Wilcher,6.15625
251,Texas Longhorns,Tramon Mark,13.5
252,BYU Cougars,AJ Dybantsa,25.264705882352942
252,BYU Cougars,Abdullah Ahmed,1.3157894736842106
252,BYU Cougars,Aleksej Kostic,7.444444444444445
252,BYU Cougars,Aleksej Kostić,2.5294117647058822
252,BYU Cougars,Dawson Baker,7.5
252,BYU Cougars,Dominique Diomande,2.0
252,BYU Cougars,Jared McGregor,0.0
252,BYU Cougars,Keba Keita,6.28125
252,BYU Cougars,Kennard Davis Jr.,8.451612903225806
252,BYU Cougars,Khadim Mboup,2.303030303030303
252,BYU Cougars,Mihailo Boškovic,2.4444444444444446
252,BYU Cougars,Mihailo Bošković,3.2916666666666665
252,BYU Cougars,Richie Saunders,18.04
252,BYU Cougars,Robert Wright III,18.176470588235293
252,BYU Cougars,Tyler Mrus,2.0
252,BYU Cougars,Xavion Staton,0.5555555555555556
258,Virginia Cavaliers,Carter Lang,0.4166666666666667
258,Virginia Cavaliers,Chance Mallory,9.5
258,Virginia Cavaliers,Dallin Hall,5.852941176470588
258,Virginia Cavaliers,Desmond Roberts,0.0
258,Virginia Cavaliers,Devin Tillis,4.310344827586207
258,Virginia Cavaliers,Elijah Gertrude,1.7058823529411764
258,Virginia Cavaliers,Jacari White,8.758620689655173
258,Virginia Cavaliers,Johann Grunloh,7.235294117647059
258,Virginia Cavaliers,Malik Thomas,12.441176470588236
258,Virginia Cavaliers,Martin Carrere,0.75
258,Virginia Cavaliers,Owen Odom,0.36363636363636365
258,Virginia Cavaliers,Sam Lewis,10.764705882352942
258,Virginia Cavaliers,Thijs De Ridder,15.529411764705882
258,Virginia Cavaliers,Ugonna Onyenso,6.705882352941177
275,Wisconsin Badgers,Aleksas Bieliauskas,4.970588235294118
275,Wisconsin Badgers,Andrew Rohde,5.7272727272727275
275,Wisconsin Badgers,Austin Rapp,9.620689655172415
275,Wisconsin Badgers,Braeden Carrington,8.363636363636363
275,Wisconsin Badgers,Hayden Jones,1.6666666666666667
275,Wisconsin Badgers,Isaac Gard,0.7857142857142857
275,Wisconsin Badgers,Jack Janicki,2.230769230769231
275,Wisconsin Badgers,Jack Robison,1.0
275,Wisconsin Badgers,John Blackwell,19.03030303030303
275,Wisconsin Badgers,Nick Boyd,20.558823529411764
275,Wisconsin Badgers,Nolan Winter,13.266666666666667
275,Wisconsin Badgers,Riccardo Greppi,0.0
275,Wisconsin Badgers,Will Garlock,1.0666666666666667
275,Wisconsin Badgers,Zach Kinziger,1.3125
328,Utah State Aggies,Adlan Elamin,6.34375
328,Utah State Aggies,Drake Allen,7.84375
328,Utah State Aggies,Elijah Perryman,4.424242424242424
328,Utah State Aggies,Garry Clark,6.606060606060606
328,Utah State Aggies,Jordy Barnes,0.5
328,Utah State Aggies,Karson Templin,9.090909090909092
328,Utah State Aggies,Kolby King,7.393939393939394
328,Utah State Aggies,Luke Kearney,1.8181818181818181
328,Utah State Aggies,MJ Collins Jr.,17.424242424242426
328,Utah State Aggies,Mason Falslev,16.272727272727273
328,Utah State Aggies,Tucker Anderson,3.2083333333333335
328,Utah State Aggies,Zach Keller,3.484848484848485
333,Alabama Crimson Tide,Aden Holloway,16.821428571428573
333,Alabama Crimson Tide,Aiden Sherrell,11.096774193548388
333,Alabama Crimson Tide,Amari Allen,11.655172413793103
333,Alabama Crimson Tide,Charles Bediako,10.0
333,Alabama Crimson Tide,Collins Onyejiaka,1.0
333,Alabama Crimson Tide,Davion Hannah,3.3
333,Alabama Crimson Tide,Houston Mallette,6.625
333,Alabama Crimson Tide,Jack Fagan,0.0
333,Alabama Crimson Tide,Jacob Martin,0.375
333,Alabama Crimson Tide,Jalil Bethea,4.391304347826087
333,Alabama Crimson Tide,Keitenn Bristow,3.6
333,Alabama Crimson Tide,Klark James,0.0
333,Alabama Crimson Tide,Labaron Philon Jr.,21.733333333333334
333,Alabama Crimson Tide,Latrell Wrightsell,12.75
333,Alabama Crimson Tide,London Jemison,6.166666666666667
333,Alabama Crimson Tide,Noah Williamson,1.1
333,Alabama Crimson Tide,Preston Murphy Jr.,0.3333333333333333
333,Alabama Crimson Tide,Taylor Bol Bowen,6.185185185185185
338,Kennesaw State Owls,Amir Taylor,7.344827586206897
338,Kennesaw State Owls,Braedan Lue,11.096774193548388
338,Kennesaw State Owls,Charles Stone,0.0
338,Kennesaw State Owls,Darius Washington III,4.476190476190476
338,Kennesaw State Owls,Davin Cosby Jr.,0.0
338,Kennesaw State Owls,Dozie Onyirimba,0.0
338,Kennesaw State Owls,Eric Holland,0.7142857142857143
338,Kennesaw State Owls,Frankquon Sherman,10.741935483870968
338,Kennesaw State Owls,Jaden Harris,8.444444444444445
338,Kennesaw State Owls,Kaden Rickard,5.225806451612903
338,Kennesaw State Owls,Perry Smith Jr.,2.739130434782609
338,Kennesaw State Owls,RJ Johnson,14.833333333333334
338,Kennesaw State Owls,Ramone Seals,7.526315789473684
338,Kennesaw State Owls,Simeon Cottle,20.642857142857142
338,Kennesaw State Owls,Trey Simpson,8.193548387096774
356,Illinois Fighting Illini,AJ Redd,1.4444444444444444
356,Illinois Fighting Illini,Andrej Stojakovic,13.448275862068966
356,Illinois Fighting Illini,Ben Humrichous,6.09375
356,Illinois Fighting Illini,Blake Fagbemi,0.2222222222222222
356,Illinois Fighting Illini,Brandon Lee,1.625
356,Illinois Fighting Illini,David Mirkovic,13.375
356,Illinois Fighting Illini,Jake Davis,5.84375
356,Illinois Fighting Illini,Jason Jakstys,1.3333333333333333
356,Illinois Fighting Illini,Keaton Wagler,17.90625
356,Illinois Fighting Illini,Kylan Boswell,13.16
356,Illinois Fighting Illini,Mihailo Petrovic,1.8235294117647058
356,Illinois Fighting Illini,Tomislav Ivisic,10.0
356,Illinois Fighting Illini,Zvonimir Ivisic,7.0
2006,Akron Zips,Amani Lyles,14.78125
2006,Akron Zips,Bowen Hardman,7.6875
2006,Akron Zips,Chabi Barre,3.0
2006,Akron Zips,Conner Groce,0.6
2006,Akron Zips,Eric Mahaffey,8.064516129032258
2006,Akron Zips,Evan Mahaffey,9.90625
2006,Akron Zips,Marvin Musiime-Kamali,1.75
2006,Akron Zips,Ognjen Stankovic,1.8
2006,Akron Zips,Rich Brisco,0.0
2006,Akron Zips,Shammah Scott,12.59375
2006,Akron Zips,Sharron Young,7.193548387096774
2006,Akron Zips,Tavari Johnson,20.34375
2006,Akron Zips,Zach Halligan,2.5806451612903225
2116,UCF Knights,Carmelo Pacheco,4.666666666666667
2116,UCF Knights,Chris Johnson,6.419354838709677
2116,UCF Knights,Devan Cambridge,5.375
2116,UCF Knights,Elijah Hulsewe,1.125
2116,UCF Knights,George Beale Jr.,3.6666666666666665
2116,UCF Knights,Jamichael Stillwell,11.666666666666666
2116,UCF Knights,Jeremy Foumena,3.5384615384615383
2116,UCF Knights,John Bol,6.0
2116,UCF Knights,Jordan Burks,13.03125
2116,UCF Knights,Kris Parker,1.7272727272727273
2116,UCF Knights,Poohpha Warakulnukroh,0.5
2116,UCF Knights,Riley Kugel,14.4
2116,UCF Knights,Themus Fulks,14.09375
2116,UCF Knights,Zach Johnson,0.0
2250,Gonzaga Bulldogs,Adam Miller,7.575757575757576
2250,Gonzaga Bulldogs,Braden Huff,17.77777777777778
2250,Gonzaga Bulldogs,Braeden Smith,5.393939393939394
2250,Gonzaga Bulldogs,Cade Orness,0.375
2250,Gonzaga Bulldogs,Davis Fogle,8.428571428571429
2250,Gonzaga Bulldogs,Emmanuel Innocenti,5.848484848484849
2250,Gonzaga Bulldogs,Graham Ike,19.724137931034484
2250,Gonzaga Bulldogs,Ismaila Diagne,1.1538461538461537
2250,Gonzaga Bulldogs,Jalen Warley,6.806451612903226
2250,Gonzaga Bulldogs,Joaquim ArauzMoore,0.75
2250,Gonzaga Bulldogs,Mario Saint-Supery,8.636363636363637
2250,Gonzaga Bulldogs,Noah Haaland,2.0
2250,Gonzaga Bulldogs,Steele Venters,4.962962962962963
2250,Gonzaga Bulldogs,Tyon Grant-Foster,11.242424242424242
2272,High Point Panthers,Babacar Diallo,1.5
2272,High Point Panthers,Birgir Irving,0.14285714285714285
2272,High Point Panthers,Braden Hausen,6.870967741935484
2272,High Point Panthers,Caden Miller,2.1739130434782608
2272,High Point Panthers,Cam'Ron Fletcher,11.363636363636363
2272,High Point Panthers,Chase Johnston,5.724137931034483
2272,High Point Panthers,Conrad Martinez,9.064516129032258
2272,High Point Panthers,David Fonville,0.0
2272,High Point Panthers,Josh Ibukunoluwa,2.3076923076923075
2272,High Point Panthers,Owen Aquino,9.516129032258064
2272,High Point Panthers,Rob Martin,16.0
2272,High Point Panthers,Scotty Washington,8.483870967741936
2272,High Point Panthers,Terry Anderson,16.322580645161292
2272,High Point Panthers,Vincent Brady II,4.590909090909091
2272,High Point Panthers,Youssouf Singare,0.8518518518518519
2275,Hofstra Pride,A.J. Wills,2.5
2275,Hofstra Pride,Alex Tsynkevich,0.5714285714285714
2275,Hofstra Pride,Amir Williams,0.0
2275,Hofstra Pride,Biggie Patterson,9.178571428571429
2275,Hofstra Pride,Cruz Davis,20.28125
2275,Hofstra Pride,German Plotnikov,9.333333333333334
2275,Hofstra Pride,Jaeden Roberts,3.5714285714285716
2275,Hofstra Pride,Joshua Aaron Reaves,2.0454545454545454
2275,Hofstra Pride,Joshua DeCady,6.466666666666667
2275,Hofstra Pride,Preston Edmead,16.21875
2275,Hofstra Pride,Silas Sunday,5.375
2275,Hofstra Pride,Victory Onuetu,4.53125
2294,Iowa Hawkeyes,Alvaro Folgueiras,8.121212121212121
2294,Iowa Hawkeyes,Bennett Stirtz,20.03030303030303
2294,Iowa Hawkeyes,Brendan Hausen,3.9523809523809526
2294,Iowa Hawkeyes,Cam Manyawu,7.0606060606060606
2294,Iowa Hawkeyes,Cooper Koch,7.666666666666667
2294,Iowa Hawkeyes,Isaia Howard,5.424242424242424
2294,Iowa Hawkeyes,Jacob Koch,0.4
2294,Iowa Hawkeyes,Joey Matteoni,1.5454545454545454
2294,Iowa Hawkeyes,Kael Combs,5.909090909090909
2294,Iowa Hawkeyes,Tate Sage,5.696969696969697
2294,Iowa Hawkeyes,Tavion Banks,10.454545454545455
2294,Iowa Hawkeyes,Trevin Jirak,3.625
2305,Kansas Jayhawks,Bryson Tiller,8.212121212121213
2305,Kansas Jayhawks,Darryn Peterson,19.772727272727273
2305,Kansas Jayhawks,Elmarko Jackson,4.875
2305,Kansas Jayhawks,Flory Bidunga,13.515151515151516
2305,Kansas Jayhawks,Jamari McDowell,3.5454545454545454
2305,Kansas Jayhawks,Jayden Dawson,2.125
2305,Kansas Jayhawks,Justin Cross,0.0
2305,Kansas Jayhawks,Kohl Rosario,3.3214285714285716
2305,Kansas Jayhawks,Melvin Council Jr.,12.909090909090908
2305,Kansas Jayhawks,Nginyu Ngala,1.3333333333333333
2305,Kansas Jayhawks,Paul Mbiya,0.7368421052631579
2305,Kansas Jayhawks,Samis Calderon,0.375
2305,Kansas Jayhawks,Tre White,13.848484848484848
2305,Kansas Jayhawks,Wilder Evers,1.1428571428571428
2305,Kansas Jayhawks,Will Thengvall,0.0
2329,Lehigh Mountain Hawks,Alfredo Addesa,1.9
2329,Lehigh Mountain Hawks,Andrew Urosevic,6.423076923076923
2329,Lehigh Mountain Hawks,Brendan Reed,0.0
2329,Lehigh Mountain Hawks,Caleb Thomas,5.05
2329,Lehigh Mountain Hawks,Edouard Benoit,10.272727272727273
2329,Lehigh Mountain Hawks,Hank Alvey,15.1875
2329,Lehigh Mountain Hawks,Henri Adiassa,0.2727272727272727
2329,Lehigh Mountain Hawks,Jake Pike,1.2
2329,Lehigh Mountain Hawks,Jalen Vazquez,4.0344827586206895
2329,Lehigh Mountain Hawks,Joshua Ingram,10.78125
2329,Lehigh Mountain Hawks,Nasir Whitlock,20.875
2329,Lehigh Mountain Hawks,Peter Kramer,3.84375
2329,Lehigh Mountain Hawks,Tommy Conniff,0.15384615384615385
2377,McNeese Cowboys,Carl Cherenfant,3.7333333333333334
2377,McNeese Cowboys,DJ Richards Jr.,8.0
2377,McNeese Cowboys,Garwey Dual,8.03225806451613
2377,McNeese Cowboys,JJ Rembert,0.3333333333333333
2377,McNeese Cowboys,Jacolb Fredson-Cole,5.290322580645161
2377,McNeese Cowboys,Javohn Garcia,11.814814814814815
2377,McNeese Cowboys,Jerrell Colbert,5.483870967741935
2377,McNeese Cowboys,Larry Johnson,16.838709677419356
2377,McNeese Cowboys,Peitok Machar,3.3870967741935485
2377,McNeese Cowboys,Tyshawn Archie,14.258064516129032
2377,McNeese Cowboys,Yanis Ndjonga,1.96
2378,UMBC Retrievers,Ace Valentine,12.068965517241379
2378,UMBC Retrievers,Caden Diggs,10.10344827586207
2378,UMBC Retrievers,Cougar Downing,3.142857142857143
2378,UMBC Retrievers,DJ Armstrong Jr.,13.433333333333334
2378,UMBC Retrievers,Daylon Dickerson,5.315789473684211
2378,UMBC Retrievers,Devin Ceaser,4.333333333333333
2378,UMBC Retrievers,Jah'Likai King,13.827586206896552
2378,UMBC Retrievers,Jake Stout,0.625
2378,UMBC Retrievers,Jose Roberto Tanchyn,6.586206896551724
2378,UMBC Retrievers,Josh Odunowo,8.392857142857142
2378,UMBC Retrievers,Paul Greene,2.0526315789473686
2378,UMBC Retrievers,Riley Jacobs,4.241379310344827
2378,UMBC Retrievers,Saahil Thakkar,0.75
2378,UMBC Retrievers,Tim Eze,1.3846153846153846
2390,Miami Hurricanes,Dante Allen,6.428571428571429
2390,Miami Hurricanes,Ernest Udeh Jr.,6.903225806451613
2390,Miami Hurricanes,John Laboy II,1.1666666666666667
2390,Miami Hurricanes,Jordyn Kee,0.375
2390,Miami Hurricanes,Malik Reneau,18.848484848484848
2390,Miami Hurricanes,Marcus Allen,5.25
2390,Miami Hurricanes,Noam Dovrat,3.8076923076923075
2390,Miami Hurricanes,Salih Altuntas,1.625
2390,Miami Hurricanes,Shelton Henderson,13.666666666666666
2390,Miami Hurricanes,Timotej Malovec,4.451612903225806
2390,Miami Hurricanes,Tre Donaldson,16.484848484848484
2390,Miami Hurricanes,Tru Washington,12.068965517241379
2449,North Dakota State Bison,Andy Stefonowicz,9.419354838709678
2449,North Dakota State Bison,Caleb Schoenrock,0.3333333333333333
2449,North Dakota State Bison,Carson Smith,2.45
2449,North Dakota State Bison,Damari Wheeler-Thomas,14.892857142857142
2449,North Dakota State Bison,Emil Skytta,3.347826086956522
2449,North Dakota State Bison,Markhi Strickland,11.096774193548388
2449,North Dakota State Bison,Max Majerle,0.7333333333333333
2449,North Dakota State Bison,Noah Feddersen,9.096774193548388
2449,North Dakota State Bison,Riley Massey,1.103448275862069
2449,North Dakota State Bison,Riley Saunders,1.2
2449,North Dakota State Bison,Tay Smith,7.290322580645161
2449,North Dakota State Bison,Trevian Carson,12.193548387096774
2449,North Dakota State Bison,Treyson Anderson,10.806451612903226
2460,Northern Iowa Panthers,Ben Schwieger,9.882352941176471
2460,Northern Iowa Panthers,Chase Courbat,0.26666666666666666
2460,Northern Iowa Panthers,Geon Hutchins,1.0303030303030303
2460,Northern Iowa Panthers,Hunter Jacobson,0.2727272727272727
2460,Northern Iowa Panthers,Ismael Diouf,2.9696969696969697
2460,Northern Iowa Panthers,Kyle Pock,3.5625
2460,Northern Iowa Panthers,Leon Bond III,12.088235294117647
2460,Northern Iowa Panthers,Max Weisbrod,6.366666666666666
2460,Northern Iowa Panthers,RJ Taylor,2.5357142857142856
2460,Northern Iowa Panthers,Trey Campbell,13.676470588235293
2460,Northern Iowa Panthers,Tristan Smith,9.26923076923077
2460,Northern Iowa Panthers,Will Hornseth,11.515151515151516
2504,Prairie View A&M Panthers,Corey Dunning,1.2
2504,Prairie View A&M Panthers,Cory Wells,13.161290322580646
2504,Prairie View A&M Panthers,Dontae Horne,20.93548387096774
2504,Prairie View A&M Panthers,Doug Young,11.0
2504,Prairie View A&M Panthers,Elijah Mitchell,2.5454545454545454
2504,Prairie View A&M Panthers,Hassane Diallo,2.6666666666666665
2504,Prairie View A&M Panthers,Isaiah Foster,0.0
2504,Prairie View A&M Panthers,Jannoy Thomas,2.0
2504,Prairie View A&M Panthers,Joey Madimba,8.217391304347826
2504,Prairie View A&M Panthers,Keeshawn Mason,4.565217391304348
2504,Prairie View A&M Panthers,Lance Williams,10.03225806451613
2504,Prairie View A&M Panthers,Marcel Bryant,6.555555555555555
2504,Prairie View A&M Panthers,Ryan Bolton Jr.,0.6153846153846154
2504,Prairie View A&M Panthers,Seryee Lewis,1.0
2504,Prairie View A&M Panthers,Tai'Reon Joseph,16.91304347826087
2509,Purdue Boilermakers,Aaron Fine,1.2222222222222223
2509,Purdue Boilermakers,Braden Smith,14.0
2509,Purdue Boilermakers,C.J. Cox,8.314285714285715
2509,Purdue Boilermakers,Daniel Jacobsen,6.0
2509,Purdue Boilermakers,Fletcher Loyer,13.82857142857143
2509,Purdue Boilermakers,Gicarri Harris,4.6571428571428575
2509,Purdue Boilermakers,Jace Rayl,0.0
2509,Purdue Boilermakers,Jack Benter,4.794117647058823
2509,Purdue Boilermakers,Jack Lusk,0.0
2509,Purdue Boilermakers,Liam Murphy,2.272727272727273
2509,Purdue Boilermakers,Omer Mayer,5.685714285714286
2509,Purdue Boilermakers,Oscar Cluff,10.628571428571428
2509,Purdue Boilermakers,Trey Kaufman-Renn,13.636363636363637
2511,Queens University Royals,Avantae Parker,11.393939393939394
2511,Queens University Royals,Carson Schwieger,10.46875
2511,Queens University Royals,Chris Ashby,11.393939393939394
2511,Queens University Royals,Gus Larson,3.1515151515151514
2511,Queens University Royals,Isaiah Henry,2.875
2511,Queens University Royals,Jordan Watford,11.727272727272727
2511,Queens University Royals,Kam Clark,1.4
2511,Queens University Royals,Maban Jabriel,7.696969696969697
2511,Queens University Royals,Nasir Mann,13.606060606060606
2511,Queens University Royals,Reid Celestin,0.13333333333333333
2511,Queens University Royals,Tyler Crider,0.0
2511,Queens University Royals,Yoav Berman,12.484848484848484
2541,Santa Clara Broncos,Allen Graves,11.757575757575758
2541,Santa Clara Broncos,Brendan Yarusso,2.0
2541,Santa Clara Broncos,Brenton Knapper,7.67741935483871
2541,Santa Clara Broncos,Bukky Oboye,8.1875
2541,Santa Clara Broncos,Christian Hammond,15.9375
2541,Santa Clara Broncos,Elijah Mahi,13.909090909090908
2541,Santa Clara Broncos,Francis Chukwudebelu,1.2272727272727273
2541,Santa Clara Broncos,Jake Ensminger,6.1
2541,Santa Clara Broncos,KJ Cochran,4.848484848484849
2541,Santa Clara Broncos,Sash Gavalyugov,8.818181818181818
2541,Santa Clara Broncos,Thierry Darlan,6.0606060606060606
2561,Siena Saints,Antonio Chandler,7.344827586206897
2561,Siena Saints,Brendan Coyle,8.617647058823529
2561,Siena Saints,Chris Torres,0.3333333333333333
2561,Siena Saints,Christian Jones,4.294117647058823
2561,Siena Saints,Cooper Nadler,0.0
2561,Siena Saints,Danny Murray,0.0
2561,Siena Saints,Francis Folefac,11.117647058823529
2561,Siena Saints,Gavin Doty,17.88235294117647
2561,Siena Saints,Isaiah Henderson,3.7857142857142856
2561,Siena Saints,Justice Shoats,13.205882352941176
2561,Siena Saints,Marcus Jackson,0.5
2561,Siena Saints,Mosi Clayton,0.0
2561,Siena Saints,Owen Schlager,2.8
2561,Siena Saints,Riley Mulvey,3.8
2561,Siena Saints,Tajae Jones,1.3333333333333333
2561,Siena Saints,Tasman Goodrick,9.666666666666666
2567,SMU Mustangs,B.J. Davis-Ray,1.2903225806451613
2567,SMU Mustangs,B.J. Edwards,12.714285714285714
2567,SMU Mustangs,Boopie Miller,19.1875
2567,SMU Mustangs,Chance Puryear,0.3076923076923077
2567,SMU Mustangs,Corey Washington,11.303030303030303
2567,SMU Mustangs,Jaden Toombs,7.8076923076923075
2567,SMU Mustangs,Jaron Pierre Jr.,17.606060606060606
2567,SMU Mustangs,Jermaine O'Neal Jr.,4.606060606060606
2567,SMU Mustangs,Mitchell Holmes,1.72
2567,SMU Mustangs,Niccolo Kalischer-Stork,0.0
2567,SMU Mustangs,Nigel Walls,0.0
2567,SMU Mustangs,Sam Walters,2.5217391304347827
2567,SMU Mustangs,Samet Yigitoglu,10.757575757575758
2567,SMU Mustangs,Trey Utter,0.0
2599,St. John's Red Storm,Bryce Hopkins,13.470588235294118
2599,St. John's Red Storm,Casper Pohto,0.3333333333333333
2599,St. John's Red Storm,Dillon Mitchell,8.235294117647058
2599,St. John's Red Storm,Dylan Darling,7.03125
2599,St. John's Red Storm,Fotis Konstantinidis,0.42857142857142855
2599,St. John's Red Storm,Handje Tamba,0.7142857142857143
2599,St. John's Red Storm,Ian Jackson,9.575757575757576
2599,St. John's Red Storm,Joson Sanon,8.294117647058824
2599,St. John's Red Storm,Kelvin Odih,1.5
2599,St. John's Red Storm,Lefteris Liotopoulos,3.074074074074074
2599,St. John's Red Storm,Oziyah Sellers,10.676470588235293
2599,St. John's Red Storm,Ruben Prey,3.911764705882353
2599,St. John's Red Storm,Sadiku Ibine Ayo,1.8928571428571428
2599,St. John's Red Storm,Zuby Ejiofor,16.323529411764707
2608,Saint Mary's Gaels,Andrew McKeever,8.548387096774194
2608,Saint Mary's Gaels,Cade Bennett,1.1428571428571428
2608,Saint Mary's Gaels,Dillan Shaw,7.516129032258065
2608,Saint Mary's Gaels,Harry Wessels,4.7
2608,Saint Mary's Gaels,Joshua Dent,12.64516129032258
2608,Saint Mary's Gaels,Kevin Gad,1.6666666666666667
2608,Saint Mary's Gaels,Liam Campbell,4.741935483870968
2608,Saint Mary's Gaels,Mantas Juzenas,2.125
2608,Saint Mary's Gaels,Mikey Lewis,14.258064516129032
2608,Saint Mary's Gaels,Oliver Faubert,0.0
2608,Saint Mary's Gaels,Paulius Murauskas,18.838709677419356
2608,Saint Mary's Gaels,Rory Hawke,2.466666666666667
2608,Saint Mary's Gaels,Tony Duckett,2.95
2628,TCU Horned Frogs,Adam Stewart,0.5
2628,TCU Horned Frogs,Ashton Simmons,1.25
2628,TCU Horned Frogs,Brock Harding,8.030303030303031
2628,TCU Horned Frogs,David Punch,14.3125
2628,TCU Horned Frogs,Drew McElroy,0.0
2628,TCU Horned Frogs,Jace Posey,4.615384615384615
2628,TCU Horned Frogs,Jayden Pierre,10.515151515151516
2628,TCU Horned Frogs,Kayden Edwards,3.4615384615384617
2628,TCU Horned Frogs,Liutauras Lelevicius,8.375
2628,TCU Horned Frogs,Malick Diallo,0.0
2628,TCU Horned Frogs,Micah Robinson,10.484848484848484
2628,TCU Horned Frogs,RJ Jones,2.875
2628,TCU Horned Frogs,Tanner Toolson,8.0
2628,TCU Horned Frogs,Trey Stuart,0.0
2628,TCU Horned Frogs,Vianney Salatchoum,1.1428571428571428
2628,TCU Horned Frogs,Xavier Edmonds,12.636363636363637
2633,Tennessee Volunteers,Amaree Abram,3.4782608695652173
2633,Tennessee Volunteers,Amari Evans,4.225806451612903
2633,Tennessee Volunteers,Bishop Boswell,6.233333333333333
2633,Tennessee Volunteers,Cade Phillips,3.8
2633,Tennessee Volunteers,Campbell Duncan,0.0
2633,Tennessee Volunteers,Clarence Massamba,0.4
2633,Tennessee Volunteers,DeWayne Brown II,4.903225806451613
2633,Tennessee Volunteers,Ethan Burg,2.5555555555555554
2633,Tennessee Volunteers,Felix Okpara,7.67741935483871
2633,Tennessee Volunteers,Gavin Paull,0.0
2633,Tennessee Volunteers,Grant Hurst,0.0
2633,Tennessee Volunteers,J.P. Estrella,10.068965517241379
2633,Tennessee Volunteers,Ja'Kobi Gillespie,18.0
2633,Tennessee Volunteers,Jaylen Carey,7.424242424242424
2633,Tennessee Volunteers,Nate Ament,17.516129032258064
2633,Tennessee Volunteers,Troy Henderson,1.96
2634,Tennessee State Tigers,Aaron Nkrumah,17.551724137931036
2634,Tennessee State Tigers,Alex Garcia,0.5
2634,Tennessee State Tigers,Antoine Lorick III,9.862068965517242
2634,Tennessee State Tigers,Carlous Williams,5.178571428571429
2634,Tennessee State Tigers,Damon Howard Jr.,1.7058823529411764
2634,Tennessee State Tigers,Dante Harris,11.620689655172415
2634,Tennessee State Tigers,JC Brooks,1.2
2634,Tennessee State Tigers,Jabrion Spikes,2.6666666666666665
2634,Tennessee State Tigers,Jalen Pitre,6.0
2634,Tennessee State Tigers,Jayden Jones,0.0
2634,Tennessee State Tigers,Jean Yvens Lafleur,1.0
2634,Tennessee State Tigers,Kavien Jones,2.730769230769231
2634,Tennessee State Tigers,Khalil London,5.619047619047619
2634,Tennessee State Tigers,Travis Harper II,17.24137931034483
2641,Texas Tech Red Raiders,Christian Anderson,18.903225806451612
2641,Texas Tech Red Raiders,Donovan Atwell,13.5
2641,Texas Tech Red Raiders,JT Toppin,21.84
2641,Texas Tech Red Raiders,Jack Francis,0.0
2641,Texas Tech Red Raiders,Jaylen Petty,9.451612903225806
2641,Texas Tech Red Raiders,Jazz Henderson,0.8181818181818182
2641,Texas Tech Red Raiders,Josiah Moseley,4.583333333333333
2641,Texas Tech Red Raiders,LeJuan Watts,11.548387096774194
2641,Texas Tech Red Raiders,Leon Horner,2.409090909090909
2641,Texas Tech Red Raiders,Luke Bamgboye,4.7368421052631575
2641,Texas Tech Red Raiders,Marial Akuentok,1.3076923076923077
2641,Texas Tech Red Raiders,Nolan Groves,0.9523809523809523
2641,Texas Tech Red Raiders,Tyeree Bryan,3.6774193548387095
2653,Troy Trojans,Austin Cross,3.193548387096774
2653,Troy Trojans,Cobi Campbell,9.033333333333333
2653,Troy Trojans,Cooper Campbell,13.064516129032258
2653,Troy Trojans,Corbin Green,0.9166666666666666
2653,Troy Trojans,Emmanuel Clarton,0.18181818181818182
2653,Troy Trojans,Evan Griffin,1.3
2653,Troy Trojans,Hikaru Awata,0.2
2653,Troy Trojans,Javen Colbert,0.9375
2653,Troy Trojans,Jerrell Bellamy,8.03225806451613
2653,Troy Trojans,Kameryn Mitchell,0.0
2653,Troy Trojans,Kerrington Kiel,3.6129032258064515
2653,Troy Trojans,Theo Seng,13.04
2653,Troy Trojans,Thomas Dowd,14.870967741935484
2653,Troy Trojans,Victor Valdes,14.903225806451612
2670,VCU Rams,Ahmad Nowell,4.703703703703703
2670,VCU Rams,Barry Evans,7.235294117647059
2670,VCU Rams,Brandon Jennings,8.676470588235293
2670,VCU Rams,Christian Fermin,0.75
2670,VCU Rams,Jadrian Tracey,9.911764705882353
2670,VCU Rams,Jordan Tillery,4.545454545454546
2670,VCU Rams,Jordann Dumont,1.0
2670,VCU Rams,Keyshawn Mitchell,3.3684210526315788
2670,VCU Rams,Lazar Djokovic,13.515151515151516
2670,VCU Rams,Michael Belle,7.470588235294118
2670,VCU Rams,Nyk Lewis,8.727272727272727
2670,VCU Rams,Terrence Hill Jr.,14.352941176470589
2670,VCU Rams,Tyrell Ward,5.758620689655173
2750,Wright State Raiders,Alex Bruskotter,3.230769230769231
2750,Wright State Raiders,Andrea Holden,5.9375
2750,Wright State Raiders,Ayden Davis,0.0
2750,Wright State Raiders,Bryan Etumnu,3.0
2750,Wright State Raiders,Dominic Pangonis,9.03125
2750,Wright State Raiders,Kellen Pickett,8.6875
2750,Wright State Raiders,Logan Woods,5.09375
2750,Wright State Raiders,Michael Cooper,13.821428571428571
2750,Wright State Raiders,Michael Imariagbe,11.709677419354838
2750,Wright State Raiders,Sam Alamutu,2.5806451612903225
2750,Wright State Raiders,Solomon Callaghan,10.161290322580646
2750,Wright State Raiders,TJ Burch,12.71875
2856,California Baptist Lancers,Bradey Henige,4.9375
2856,California Baptist Lancers,Devon Malcolm,5.90625
2856,California Baptist Lancers,Dominique Daniels Jr.,23.15625
2856,California Baptist Lancers,Jalen Dollar,1.5
2856,California Baptist Lancers,Jayden Jackson,9.296296296296296
2856,California Baptist Lancers,Jonathan Griman,6.066666666666666
2856,California Baptist Lancers,Jordan Muller,4.515151515151516
2856,California Baptist Lancers,Martel Williams,12.6875
2856,California Baptist Lancers,Miles Daniels,2.380952380952381
2856,California Baptist Lancers,Monty Bowser,2.076923076923077
2856,California Baptist Lancers,Nate Garcia,2.4375
2856,California Baptist Lancers,Rene D'Amelio,2.611111111111111
2856,California Baptist Lancers,Thomas Ndong,5.032258064516129
112358,Long Island University Sharks,A.J. Neal Jr.,2.0
112358,Long Island University Sharks,Caleb Johnson,2.3181818181818183
112358,Long Island University Sharks,Eddie Munyak,0.0
112358,Long Island University Sharks,Faheim Meran,3.111111111111111
112358,Long Island University Sharks,Greg Gordon,14.058823529411764
112358,Long Island University Sharks,Isaiah Miranda,4.0
112358,Long Island University Sharks,Jamal Fuller,16.363636363636363
112358,Long Island University Sharks,Jomo Goings,9.970588235294118
112358,Long Island University Sharks,Malachi Davis,14.382352941176471
112358,Long Island University Sharks,Mason Porter-Brown,7.588235294117647
112358,Long Island University Sharks,Max Ndlovu-Fraser,0.8333333333333334
112358,Long Island University Sharks,Shadrak Lasu,5.21875
112358,Long Island University Sharks,Tre'shawn Sheppard,2.2
112358,Long Island University Sharks,Xinyi Li,0.7142857142857143
